Booking No,Agent,Country,Tour Type,Booking Date,Amount,Status
BK001,TUI,Germany,Leisure,7/1/2026,1200,Confirmed
BK002,Expedia,UK,Adventure,7/1/2026,850,Cancelled
BK003,Booking.com,France,Leisure,7/1/2026,2100,Pending
BK004,TUI,Germany,Adventure,7/2/2026,-150,Pending
BK005,,France,Leisure,7/2/2026,950,Confirmed
BK006,Expedia,UK,Leisure,7/2/2026,700,Confirmed
BK001,Expedia,UK,Leisure,7/2/2026,700,Confirmed
BK007,Booking.com,Germany,Adventure,7/3/2026,1300,Confirmed
BK008,TUI,UK,Leisure,7/3/2026,1800,Confirmed
BK009,Expedia,France,Adventure,7/3/2026,1450,Confirmed
BK010,Booking.com,Germany,Leisure,7/4/2026,3200,Confirmed
BK011,TUI,France,Leisure,7/4/2026,890,Cancelled
BK012,Expedia,Germany,Adventure,7/4/2026,1100,Confirmed
BK013,Agoda,Japan,Leisure,7/5/2026,2500,Confirmed
BK014,Agoda,Japan,Adventure,7/5/2026,3100,Confirmed
BK015,Trip.com,China,Leisure,7/5/2026,1750,Confirmed
BK016,Trip.com,China,Adventure,7/6/2026,-50,Confirmed
BK017,TUI,UK,Adventure,7/6/2026,920,Confirmed
BK018,Expedia,France,Leisure,7/6/2026,1350,Confirmed
BK019,Booking.com,UK,Leisure,7/7/2026,2200,Confirmed
BK020,Agoda,Germany,Adventure,7/7/2026,1050,Cancelled
BK021,Trip.com,Japan,Leisure,7/7/2026,2900,Confirmed
BK022,,UK,Adventure,7/8/2026,1150,Confirmed
BK023,TUI,France,Adventure,7/8/2026,1600,Confirmed
BK024,Expedia,Germany,Leisure,7/8/2026,1950,Confirmed
BK025,Booking.com,China,Leisure,7/9/2026,2400,Confirmed
BK026,Agoda,UK,Adventure,7/9/2026,880,Confirmed
BK027,Trip.com,France,Leisure,7/9/2026,1250,Confirmed
BK028,TUI,Japan,Adventure,7/10/2026,3400,Confirmed
BK029,Expedia,China,Adventure,7/10/2026,1500,Cancelled
BK030,Booking.com,Germany,Leisure,7/10/2026,2700,Confirmed
BK031,Agoda,France,Leisure,7/11/2026,1850,Confirmed
BK032,Trip.com,UK,Adventure,7/11/2026,990,Confirmed
BK033,TUI,China,Leisure,7/11/2026,2150,Confirmed
BK034,Expedia,Japan,Leisure,7/12/2026,2600,Confirmed
BK010,Booking.com,Germany,Leisure,7/12/2026,3200,Confirmed
BK035,Booking.com,UK,Adventure,7/12/2026,1400,Confirmed
BK036,Agoda,Germany,Leisure,7/13/2026,2050,Confirmed
BK037,Trip.com,France,Adventure,7/13/2026,1700,Confirmed
BK038,TUI,UK,Leisure,7/13/2026,1100,Cancelled
BK039,Expedia,China,Leisure,7/14/2026,2950,Confirmed
BK040,Booking.com,Japan,Adventure,7/14/2026,3300,Confirmed
BK041,Agoda,China,Adventure,7/14/2026,1250,Confirmed
BK042,Trip.com,Germany,Leisure,7/15/2026,2300,Confirmed
BK043,TUI,France,Adventure,7/15/2026,1550,Confirmed
BK044,Expedia,UK,Leisure,7/15/2026,950,Confirmed
BK045,Booking.com,Japan,Leisure,7/16/2026,2800,Confirmed
BK046,Agoda,UK,Leisure,7/16/2026,1000,Confirmed
BK047,Trip.com,Germany,Adventure,7/16/2026,1900,Confirmed
BK048,TUI,China,Adventure,7/17/2026,1650,Confirmed
BK049,Expedia,France,Leisure,7/17/2026,1400,Confirmed
BK050,Booking.com,Germany,Adventure,7/17/2026,2150,Confirmed
BK051,Agoda,UK,Leisure,7/18/2026,1100,Confirmed
BK052,Trip.com,Japan,Leisure,7/18/2026,3000,Confirmed
BK053,TUI,France,Adventure,7/18/2026,1720,Confirmed
BK054,Expedia,Germany,Leisure,7/19/2026,1980,Confirmed
BK055,Booking.com,China,Adventure,7/19/2026,1550,Cancelled
BK056,Agoda,UK,Leisure,7/19/2026,890,Confirmed
BK057,Trip.com,France,Leisure,7/20/2026,1320,Confirmed
BK058,TUI,Japan,Adventure,7/20/2026,3120,Confirmed
BK059,Expedia,Germany,Leisure,7/20/2026,1850,Confirmed
BK060,Booking.com,UK,Adventure,7/21/2026,1280,Confirmed
BK061,Agoda,China,Leisure,7/21/2026,2450,Confirmed
BK062,Trip.com,UK,Leisure,7/21/2026,970,Confirmed
BK063,TUI,Germany,Adventure,7/22/2026,1480,Confirmed
BK064,Expedia,Japan,Leisure,7/22/2026,2750,Confirmed
BK065,Booking.com,France,Leisure,7/22/2026,1900,Confirmed
BK066,Agoda,Germany,Adventure,7/23/2026,1650,Cancelled
BK067,Trip.com,UK,Leisure,7/23/2026,1080,Confirmed
BK068,TUI,China,Leisure,7/23/2026,2250,Confirmed
BK069,Expedia,Japan,Adventure,7/24/2026,2850,Confirmed
BK070,Booking.com,France,Adventure,7/24/2026,1520,Confirmed
BK071,Agoda,UK,Leisure,7/24/2026,1150,Confirmed
BK072,Trip.com,Germany,Leisure,7/25/2026,2380,Confirmed
BK073,TUI,France,Adventure,7/25/2026,1640,Confirmed
BK074,Expedia,China,Leisure,7/25/2026,2800,Confirmed
BK075,Booking.com,Japan,Leisure,7/26/2026,3050,Confirmed
BK076,Agoda,Germany,Adventure,7/26/2026,1780,Confirmed
BK077,Trip.com,UK,Leisure,7/26/2026,1220,Confirmed
BK078,TUI,China,Adventure,7/27/2026,1920,Confirmed
BK079,Expedia,Japan,Leisure,7/27/2026,2490,Confirmed
BK080,Booking.com,France,Adventure,7/27/2026,1380,Cancelled
BK081,Agoda,UK,Leisure,7/28/2026,950,Confirmed
BK082,Trip.com,Germany,Leisure,7/28/2026,2610,Confirmed
BK083,TUI,France,Adventure,7/28/2026,1430,Confirmed
BK084,Expedia,UK,Leisure,7/29/2026,1120,Confirmed
BK085,Booking.com,China,Leisure,7/29/2026,2280,Confirmed
BK086,Agoda,Japan,Adventure,7/29/2026,3150,Confirmed
BK087,Trip.com,UK,Adventure,7/30/2026,1290,Confirmed
BK088,TUI,Germany,Leisure,7/30/2026,1880,Confirmed
BK089,Expedia,France,Leisure,7/30/2026,1670,Confirmed
BK090,Booking.com,UK,Adventure,7/31/2026,1490,Confirmed
BK091,Agoda,Japan,Leisure,7/31/2026,2730,Confirmed
BK092,Trip.com,China,Leisure,7/31/2026,1940,Confirmed
BK093,TUI,Germany,Adventure,8/1/2026,1550,Confirmed
BK094,Expedia,UK,Leisure,8/1/2026,1020,Confirmed
BK095,Booking.com,France,Leisure,8/1/2026,2350,Cancelled
BK096,Agoda,Germany,Adventure,8/2/2026,1250,Confirmed
BK097,Trip.com,Japan,Leisure,8/2/2026,3100,Confirmed
BK098,TUI,France,Adventure,8/2/2026,1890,Confirmed
BK099,Expedia,China,Leisure,8/3/2026,2640,Confirmed
BK100,Booking.com,UK,Adventure,8/3/2026,1320,Confirmed
BK101,Agoda,Germany,Leisure,8/3/2026,2050,Confirmed
BK102,Trip.com,UK,Leisure,8/4/2026,1150,Confirmed
BK103,TUI,Japan,Adventure,8/4/2026,3320,Confirmed
BK104,Expedia,Germany,Leisure,8/4/2026,1710,Confirmed
BK105,Booking.com,France,Adventure,8/5/2026,1450,Confirmed
BK106,Agoda,China,Leisure,8/5/2026,2310,Confirmed
BK107,Trip.com,UK,Leisure,8/5/2026,920,Confirmed
BK108,TUI,France,Adventure,8/6/2026,1680,Confirmed
BK109,Expedia,Japan,Leisure,8/6/2026,2850,Confirmed
BK110,Booking.com,China,Adventure,8/6/2026,1600,Cancelled
BK111,Agoda,Germany,Leisure,8/7/2026,1920,Confirmed
BK112,Trip.com,UK,Adventure,8/7/2026,1180,Confirmed
BK113,TUI,China,Leisure,8/7/2026,2410,Confirmed
BK114,Expedia,France,Leisure,8/8/2026,1780,Confirmed
BK115,Booking.com,UK,Adventure,8/8/2026,1390,Confirmed
BK116,Agoda,Japan,Leisure,8/8/2026,2900,Confirmed
BK117,Trip.com,Germany,Adventure,8/9/2026,1490,Confirmed
BK118,TUI,UK,Leisure,8/9/2026,1220,Confirmed
BK119,Expedia,China,Adventure,8/9/2026,1750,Confirmed
BK120,Booking.com,Japan,Leisure,8/10/2026,3180,Confirmed
BK121,Agoda,Germany,Adventure,8/10/2026,1850,Confirmed
BK122,Trip.com,France,Leisure,8/10/2026,1420,Confirmed
BK123,TUI,UK,Adventure,8/11/2026,1100,Cancelled
BK124,Expedia,Germany,Leisure,8/11/2026,2150,Confirmed
BK125,Booking.com,China,Leisure,8/11/2026,2540,Confirmed
BK126,Agoda,Japan,Adventure,8/12/2026,3280,Confirmed
BK127,Trip.com,France,Adventure,8/12/2026,1810,Confirmed
BK128,TUI,Germany,Leisure,8/12/2026,1920,Confirmed
BK129,Expedia,UK,Adventure,8/13/2026,1050,Confirmed
BK130,Booking.com,Japan,Leisure,8/13/2026,2950,Confirmed
BK131,Agoda,China,Leisure,8/13/2026,2210,Confirmed
BK132,Trip.com,Germany,Adventure,8/14/2026,2020,Confirmed
BK133,TUI,France,Leisure,8/14/2026,1630,Confirmed
BK134,Expedia,UK,Adventure,8/14/2026,1320,Confirmed
BK135,Booking.com,China,Leisure,8/15/2026,2460,Confirmed
BK136,Agoda,Japan,Leisure,8/15/2026,2870,Cancelled
BK137,Trip.com,Germany,Adventure,8/15/2026,1680,Confirmed
BK138,TUI,France,Adventure,8/16/2026,1790,Confirmed
BK139,Expedia,UK,Leisure,8/16/2026,1150,Confirmed
BK140,Booking.com,Germany,Leisure,8/16/2026,2800,Confirmed
BK141,Agoda,China,Adventure,8/17/2026,1430,Confirmed
BK142,Trip.com,Japan,Leisure,8/17/2026,3050,Confirmed
BK143,TUI,UK,Leisure,8/17/2026,1300,Confirmed
BK144,Expedia,France,Adventure,8/18/2026,1580,Confirmed
BK145,Booking.com,Germany,Leisure,8/18/2026,2990,Confirmed
BK146,Agoda,UK,Adventure,8/18/2026,1210,Cancelled
BK147,Trip.com,China,Leisure,8/19/2026,2100,Confirmed
BK148,TUI,Japan,Adventure,8/19/2026,3450,Confirmed
BK149,Expedia,France,Leisure,8/19/2026,1850,Confirmed
BK150,Booking.com,UK,Adventure,8/20/2026,1370,Confirmed
BK151,Agoda,Germany,Leisure,8/20/2026,2120,Confirmed
BK152,Trip.com,China,Adventure,8/20/2026,1880,Confirmed
BK153,TUI,UK,Leisure,8/21/2026,1190,Confirmed
BK154,Expedia,Japan,Adventure,8/21/2026,2990,Confirmed
BK155,Booking.com,Germany,Leisure,8/21/2026,2720,Confirmed
BK156,Agoda,France,Leisure,8/22/2026,1690,Confirmed
BK157,Trip.com,UK,Adventure,8/22/2026,1250,Cancelled
BK158,TUI,China,Leisure,8/22/2026,2350,Confirmed
BK159,Expedia,Germany,Adventure,8/23/2026,1540,Confirmed
BK160,Booking.com,Japan,Leisure,8/23/2026,3100,Confirmed
BK161,Agoda,France,Adventure,8/23/2026,1910,Confirmed
BK162,Trip.com,UK,Leisure,8/24/2026,1020,Confirmed
BK163,TUI,Germany,Adventure,8/24/2026,1620,Confirmed
BK164,Expedia,China,Leisure,8/24/2026,2770,Confirmed
BK165,Booking.com,Japan,Adventure,8/25/2026,3250,Confirmed
BK166,Agoda,Germany,Leisure,8/25/2026,2190,Confirmed
BK167,Trip.com,France,Adventure,8/25/2026,1780,Confirmed
BK168,TUI,UK,Leisure,8/26/2026,1280,Cancelled
BK169,Expedia,China,Leisure,8/26/2026,2610,Confirmed
BK170,Booking.com,Japan,Adventure,8/26/2026,3400,Confirmed
BK171,Agoda,France,Leisure,8/27/2026,1850,Confirmed
BK172,Trip.com,UK,Adventure,8/27/2026,1120,Confirmed
BK173,TUI,Germany,Leisure,8/27/2026,1990,Confirmed
BK174,Expedia,Japan,Adventure,8/28/2026,3020,Confirmed
BK175,Booking.com,Germany,Leisure,8/28/2026,2840,Confirmed
BK176,Agoda,UK,Adventure,8/28/2026,1350,Confirmed
BK177,Trip.com,China,Leisure,8/29/2026,2240,Confirmed
BK178,TUI,France,Leisure,8/29/2026,1590,Confirmed
BK179,Expedia,UK,Adventure,8/29/2026,1410,Cancelled
BK180,Booking.com,Germany,Leisure,8/30/2026,2920,Confirmed
BK181,Agoda,Japan,Adventure,8/30/2026,3350,Confirmed
BK182,Trip.com,France,Leisure,8/30/2026,1650,Confirmed
BK183,TUI,UK,Adventure,8/31/2026,1230,Confirmed
BK184,Expedia,Germany,Leisure,8/31/2026,2080,Confirmed
BK185,Booking.com,China,Leisure,8/31/2026,2490,Confirmed
BK186,Agoda,Japan,Adventure,9/1/2026,3180,Confirmed
BK187,Trip.com,France,Adventure,9/1/2026,1730,Confirmed
BK188,TUI,Germany,Leisure,9/1/2026,1940,Confirmed
BK189,Expedia,UK,Adventure,9/2/2026,1100,Cancelled
BK190,Booking.com,Japan,Leisure,9/2/2026,3020,Confirmed
BK191,Agoda,China,Leisure,9/2/2026,2340,Confirmed
BK192,Trip.com,Germany,Adventure,9/3/2026,1990,Confirmed
BK193,TUI,France,Leisure,9/3/2026,1610,Confirmed
BK194,Expedia,UK,Adventure,9/3/2026,1280,Confirmed
BK195,Booking.com,China,Leisure,9/4/2026,2510,Confirmed
BK196,Agoda,Japan,Leisure,9/4/2026,2920,Confirmed
BK197,Trip.com,Germany,Adventure,9/4/2026,1850,Confirmed
BK198,TUI,France,Adventure,9/5/2026,1740,Confirmed
BK199,Expedia,UK,Leisure,9/5/2026,1080,Confirmed
BK200,Booking.com,Germany,Leisure,9/5/2026,2750,Cancelled
BK201,Agoda,China,Adventure,9/6/2026,1490,Confirmed
BK202,Trip.com,Japan,Leisure,9/6/2026,3120,Confirmed
BK203,TUI,UK,Leisure,9/6/2026,1250,Confirmed
BK204,Expedia,France,Adventure,9/7/2026,1620,Confirmed
BK205,Booking.com,Germany,Leisure,9/7/2026,3040,Confirmed
BK206,Agoda,UK,Adventure,9/7/2026,1150,Confirmed
BK207,Trip.com,China,Leisure,9/8/2026,2180,Confirmed
BK208,TUI,Japan,Adventure,9/8/2026,3490,Confirmed
BK209,Expedia,France,Leisure,9/8/2026,1920,Confirmed
BK210,Booking.com,UK,Adventure,9/9/2026,1410,Cancelled
BK211,Agoda,Germany,Leisure,9/9/2026,2150,Confirmed
BK212,Trip.com,China,Adventure,9/9/2026,1940,Confirmed
BK213,TUI,UK,Leisure,9/10/2026,1280,Confirmed
BK214,Expedia,Japan,Adventure,9/10/2026,3050,Confirmed
BK215,Booking.com,Germany,Leisure,9/10/2026,2780,Confirmed
BK216,Agoda,France,Leisure,9/11/2026,1750,Confirmed
BK217,Trip.com,UK,Adventure,9/11/2026,1310,Confirmed
BK218,TUI,China,Leisure,9/11/2026,2410,Confirmed
BK219,Expedia,Germany,Adventure,9/12/2026,1600,Confirmed
BK220,Booking.com,Japan,Leisure,9/12/2026,3150,Cancelled
BK221,Agoda,France,Adventure,9/12/2026,1980,Confirmed
BK222,Trip.com,UK,Leisure,9/13/2026,1080,Confirmed
BK223,TUI,Germany,Adventure,9/13/2026,1690,Confirmed
BK224,Expedia,China,Leisure,9/13/2026,2840,Confirmed
BK225,Booking.com,Japan,Adventure,9/14/2026,3320,Confirmed
BK226,Agoda,Germany,Leisure,9/14/2026,2250,Confirmed
BK227,Trip.com,France,Adventure,9/14/2026,1850,Confirmed
BK228,TUI,UK,Leisure,9/15/2026,1340,Confirmed
BK229,Expedia,China,Leisure,9/15/2026,2680,Confirmed
BK230,Booking.com,Japan,Adventure,9/15/2026,3490,Cancelled
BK231,Agoda,France,Leisure,9/16/2026,1910,Confirmed
BK232,Trip.com,UK,Adventure,9/16/2026,1180,Confirmed
BK233,TUI,Germany,Leisure,9/16/2026,2050,Confirmed
BK234,Expedia,Japan,Adventure,9/17/2026,3090,Confirmed
BK235,Booking.com,Germany,Leisure,9/17/2026,2910,Confirmed
BK236,Agoda,UK,Adventure,9/17/2026,1410,Confirmed
BK237,Trip.com,China,Leisure,9/18/2026,2300,Confirmed
BK238,TUI,France,Leisure,9/18/2026,1650,Confirmed
BK239,Expedia,UK,Adventure,9/18/2026,1480,Confirmed
BK240,Booking.com,Germany,Leisure,9/19/2026,2990,Cancelled
BK241,Agoda,Japan,Adventure,9/19/2026,3420,Confirmed
BK242,Trip.com,France,Leisure,9/19/2026,1710,Confirmed
BK243,TUI,UK,Adventure,9/20/2026,1290,Confirmed
BK244,Expedia,Germany,Leisure,9/20/2026,2150,Confirmed
BK245,Booking.com,China,Leisure,9/20/2026,2560,Confirmed
BK246,Agoda,Japan,Adventure,9/21/2026,3250,Confirmed
BK247,Trip.com,France,Adventure,9/21/2026,1790,Confirmed
BK248,TUI,Germany,Leisure,9/21/2026,2010,Confirmed
BK249,Expedia,UK,Adventure,9/22/2026,1150,Confirmed
BK250,Booking.com,Japan,Leisure,9/22/2026,3090,Confirmed
BK251,Agoda,China,Leisure,9/22/2026,2400,Cancelled
BK252,Trip.com,Germany,Adventure,9/23/2026,2050,Confirmed
BK253,TUI,France,Leisure,9/23/2026,1680,Confirmed
BK254,Expedia,UK,Adventure,9/23/2026,1350,Confirmed
BK255,Booking.com,China,Leisure,9/24/2026,2580,Confirmed
BK256,Agoda,Japan,Leisure,9/24/2026,2990,Confirmed
BK257,Trip.com,Germany,Adventure,9/24/2026,1910,Confirmed
BK258,TUI,France,Adventure,9/25/2026,1810,Confirmed
BK259,Expedia,UK,Leisure,9/25/2026,1140,Confirmed
BK260,Booking.com,Germany,Leisure,9/25/2026,2820,Confirmed
BK261,Agoda,China,Adventure,9/26/2026,1550,Cancelled
BK262,Trip.com,Japan,Leisure,9/26/2026,3190,Confirmed
BK263,TUI,UK,Leisure,9/26/2026,1310,Confirmed
BK264,Expedia,France,Adventure,9/27/2026,1690,Confirmed
BK265,Booking.com,Germany,Leisure,9/27/2026,3110,Confirmed
BK266,Agoda,UK,Adventure,9/27/2026,1210,Confirmed
BK267,Trip.com,China,Leisure,9/28/2026,2250,Confirmed
BK268,TUI,Japan,Adventure,9/28/2026,3550,Confirmed
BK269,Expedia,France,Leisure,9/28/2026,1990,Confirmed
BK270,Booking.com,UK,Adventure,9/29/2026,1480,Confirmed
BK271,Agoda,Germany,Leisure,9/29/2026,2220,Confirmed
BK272,Trip.com,China,Adventure,9/29/2026,2010,Cancelled
BK273,TUI,UK,Leisure,9/30/2026,1340,Confirmed
BK274,Expedia,Japan,Adventure,9/30/2026,3120,Confirmed
BK275,Booking.com,Germany,Leisure,9/30/2026,2850,Confirmed
BK276,Agoda,France,Leisure,10/1/2026,1810,Confirmed
BK277,Trip.com,UK,Adventure,10/1/2026,1380,Confirmed
BK278,TUI,China,Leisure,10/1/2026,2480,Confirmed
BK279,Expedia,Germany,Adventure,10/2/2026,1670,Confirmed
BK280,Booking.com,Japan,Leisure,10/2/2026,3220,Confirmed
BK281,Agoda,France,Adventure,10/2/2026,2050,Confirmed
BK282,Trip.com,UK,Leisure,10/3/2026,1140,Cancelled
BK283,TUI,Germany,Adventure,10/3/2026,1760,Confirmed
BK284,Expedia,China,Leisure,10/3/2026,2910,Confirmed
BK285,Booking.com,Japan,Adventure,10/4/2026,3390,Confirmed
BK286,Agoda,Germany,Leisure,10/4/2026,2320,Confirmed
BK287,Trip.com,France,Adventure,10/4/2026,1920,Confirmed
BK288,TUI,UK,Leisure,10/5/2026,1410,Confirmed
BK289,Expedia,China,Leisure,10/5/2026,2750,Confirmed
BK290,Booking.com,Japan,Adventure,10/5/2026,3550,Confirmed
BK291,Agoda,France,Leisure,10/6/2026,1980,Confirmed
BK292,Trip.com,UK,Adventure,10/6/2026,1250,Cancelled
BK293,TUI,Germany,Leisure,10/6/2026,2120,Confirmed
BK294,Expedia,Japan,Adventure,10/7/2026,3160,Confirmed
BK295,Booking.com,Germany,Leisure,10/7/2026,2980,Confirmed
BK296,Agoda,UK,Adventure,10/7/2026,1480,Confirmed
BK297,Trip.com,China,Leisure,10/8/2026,2370,Confirmed
BK298,TUI,France,Leisure,10/8/2026,1720,Confirmed
BK299,Expedia,UK,Adventure,10/8/2026,1550,Confirmed
BK300,Booking.com,Germany,Leisure,10/9/2026,3050,Confirmed
BK301,Agoda,Japan,Adventure,10/9/2026,3490,Confirmed
BK302,Trip.com,France,Leisure,10/9/2026,1780,Cancelled
BK303,TUI,UK,Adventure,10/10/2026,1360,Confirmed
BK304,Expedia,Germany,Leisure,10/10/2026,2220,Confirmed
BK305,Booking.com,China,Leisure,10/10/2026,2630,Confirmed
BK306,Agoda,Japan,Adventure,10/11/2026,3320,Confirmed
BK307,Trip.com,France,Adventure,10/11/2026,1860,Confirmed
BK308,TUI,Germany,Leisure,10/11/2026,2080,Confirmed
BK309,Expedia,UK,Adventure,10/12/2026,1220,Confirmed
BK310,Booking.com,Japan,Leisure,10/12/2026,3160,Confirmed
BK311,Agoda,China,Leisure,10/12/2026,2470,Confirmed
BK312,Trip.com,Germany,Adventure,10/13/2026,2120,Cancelled
BK313,TUI,France,Leisure,10/13/2026,1750,Confirmed
BK314,Expedia,UK,Adventure,10/13/2026,1420,Confirmed
BK315,Booking.com,China,Leisure,10/14/2026,2650,Confirmed
BK316,Agoda,Japan,Leisure,10/14/2026,3060,Confirmed
BK317,Trip.com,Germany,Adventure,10/14/2026,1980,Confirmed
BK318,TUI,France,Adventure,10/15/2026,1880,Confirmed
BK319,Expedia,UK,Leisure,10/15/2026,1210,Confirmed
BK320,Booking.com,Germany,Leisure,10/15/2026,2890,Confirmed
BK321,Agoda,China,Adventure,10/16/2026,1620,Confirmed
BK322,Trip.com,Japan,Leisure,10/16/2026,3260,Cancelled
BK323,TUI,UK,Leisure,10/16/2026,1380,Confirmed
BK324,Expedia,France,Adventure,10/17/2026,1760,Confirmed
BK325,Booking.com,Germany,Leisure,10/17/2026,3180,Confirmed
BK326,Agoda,UK,Adventure,10/17/2026,1280,Confirmed
BK327,Trip.com,China,Leisure,10/18/2026,2320,Confirmed
BK328,TUI,Japan,Adventure,10/18/2026,3620,Confirmed
BK329,Expedia,France,Leisure,10/18/2026,2060,Confirmed
BK330,Booking.com,UK,Adventure,10/19/2026,1550,Confirmed
BK331,Agoda,Germany,Leisure,10/19/2026,2290,Confirmed
BK332,Trip.com,China,Adventure,10/19/2026,2080,Cancelled
BK333,TUI,UK,Leisure,10/20/2026,1410,Confirmed
BK334,Expedia,Japan,Adventure,10/20/2026,3190,Confirmed
BK335,Booking.com,Germany,Leisure,10/20/2026,2920,Confirmed
BK336,Agoda,France,Leisure,10/21/2026,1880,Confirmed
BK337,Trip.com,UK,Adventure,10/21/2026,1450,Confirmed
BK338,TUI,China,Leisure,10/21/2026,2550,Confirmed
BK339,Expedia,Germany,Adventure,10/22/2026,1740,Confirmed
BK340,Booking.com,Japan,Leisure,10/22/2026,3290,Confirmed
BK341,Agoda,France,Adventure,10/22/2026,2120,Confirmed
BK342,Trip.com,UK,Leisure,10/23/2026,1210,Cancelled
BK343,TUI,Germany,Adventure,10/23/2026,1830,Confirmed
BK344,Expedia,China,Leisure,10/23/2026,2980,Confirmed
BK345,Booking.com,Japan,Adventure,10/24/2026,3460,Confirmed
BK346,Agoda,Germany,Leisure,10/24/2026,2390,Confirmed
BK347,Trip.com,France,Adventure,10/24/2026,1990,Confirmed
BK348,TUI,UK,Leisure,10/25/2026,1480,Confirmed
BK349,Expedia,China,Leisure,10/25/2026,2820,Confirmed
BK350,Booking.com,Japan,Adventure,10/25/2026,3620,Confirmed
BK351,Agoda,France,Leisure,10/26/2026,2050,Confirmed
BK352,Trip.com,UK,Adventure,10/26/2026,1320,Cancelled
BK353,TUI,Germany,Leisure,10/26/2026,2190,Confirmed
BK354,Expedia,Japan,Adventure,10/27/2026,3230,Confirmed
BK355,Booking.com,Germany,Leisure,10/27/2026,3050,Confirmed
BK356,Agoda,UK,Adventure,10/27/2026,1550,Confirmed
BK357,Trip.com,China,Leisure,10/28/2026,2440,Confirmed
BK358,TUI,France,Leisure,10/28/2026,1790,Confirmed
BK359,Expedia,UK,Adventure,10/28/2026,1620,Confirmed
BK360,Booking.com,Germany,Leisure,10/29/2026,3120,Confirmed
BK361,Agoda,Japan,Adventure,10/29/2026,3560,Confirmed
BK362,Trip.com,France,Leisure,10/29/2026,1850,Cancelled
BK363,TUI,UK,Adventure,10/30/2026,1430,Confirmed
BK364,Expedia,Germany,Leisure,10/30/2026,2290,Confirmed
BK365,Booking.com,China,Leisure,10/30/2026,2700,Confirmed
BK366,Agoda,Japan,Adventure,10/31/2026,3390,Confirmed
BK367,Trip.com,France,Adventure,10/31/2026,1930,Confirmed
BK368,TUI,Germany,Leisure,10/31/2026,2150,Confirmed
BK369,Expedia,UK,Adventure,11/1/2026,1290,Confirmed
BK370,Booking.com,Japan,Leisure,11/1/2026,3230,Confirmed
BK371,Agoda,China,Leisure,11/1/2026,2540,Confirmed
BK372,Trip.com,Germany,Adventure,11/2/2026,2190,Cancelled
BK373,TUI,France,Leisure,11/2/2026,1820,Confirmed
BK374,Expedia,UK,Adventure,11/2/2026,1490,Confirmed
BK375,Booking.com,China,Leisure,11/3/2026,2720,Confirmed
BK376,Agoda,Japan,Leisure,11/3/2026,3130,Confirmed
BK377,Trip.com,Germany,Adventure,11/3/2026,2050,Confirmed
BK378,TUI,France,Adventure,11/4/2026,1950,Confirmed
BK379,Expedia,UK,Leisure,11/4/2026,1280,Confirmed
BK380,Booking.com,Germany,Leisure,11/4/2026,2960,Confirmed
BK381,Agoda,China,Adventure,11/5/2026,1690,Confirmed
BK382,Trip.com,Japan,Leisure,11/5/2026,3330,Cancelled
BK383,TUI,UK,Leisure,11/5/2026,1450,Confirmed
BK384,Expedia,France,Adventure,11/6/2026,1830,Confirmed
BK385,Booking.com,Germany,Leisure,11/6/2026,3250,Confirmed
BK386,Agoda,UK,Adventure,11/6/2026,1350,Confirmed
BK387,Trip.com,China,Leisure,11/7/2026,2390,Confirmed
BK388,TUI,Japan,Adventure,11/7/2026,3690,Confirmed
BK389,Expedia,France,Leisure,11/7/2026,2130,Confirmed
BK390,Booking.com,UK,Adventure,11/8/2026,1620,Confirmed
BK391,Agoda,Germany,Leisure,11/8/2026,2360,Confirmed
BK392,Trip.com,China,Adventure,11/8/2026,2150,Cancelled
BK393,TUI,UK,Leisure,11/9/2026,1480,Confirmed
BK394,Expedia,Japan,Adventure,11/9/2026,3260,Confirmed
BK395,Booking.com,Germany,Leisure,11/9/2026,2990,Confirmed
BK396,Agoda,France,Leisure,11/10/2026,1950,Confirmed
BK397,Trip.com,UK,Adventure,11/10/2026,1520,Confirmed
BK398,TUI,China,Leisure,11/10/2026,2620,Confirmed
BK399,Expedia,Germany,Adventure,11/11/2026,1810,Confirmed
BK400,Booking.com,Japan,Leisure,11/11/2026,3360,Confirmed
BK401,Agoda,France,Adventure,11/11/2026,2190,Confirmed
BK402,Trip.com,UK,Leisure,11/12/2026,1280,Cancelled
BK403,TUI,Germany,Adventure,11/12/2026,1900,Confirmed
BK404,Expedia,China,Leisure,11/12/2026,3050,Confirmed
BK405,Booking.com,Japan,Adventure,11/13/2026,3530,Confirmed
BK406,Agoda,Germany,Leisure,11/13/2026,2460,Confirmed
BK407,Trip.com,France,Adventure,11/13/2026,2060,Confirmed
BK408,TUI,UK,Leisure,11/14/2026,1550,Confirmed
BK409,Expedia,China,Leisure,11/14/2026,2890,Confirmed
BK410,Booking.com,Japan,Adventure,11/14/2026,3690,Confirmed
BK411,Agoda,France,Leisure,11/15/2026,2120,Confirmed
BK412,Trip.com,UK,Adventure,11/15/2026,1390,Cancelled
BK413,TUI,Germany,Leisure,11/15/2026,2260,Confirmed
BK414,Expedia,Japan,Adventure,11/16/2026,3300,Confirmed
BK415,Booking.com,Germany,Leisure,11/16/2026,3120,Confirmed
BK416,Agoda,UK,Adventure,11/16/2026,1620,Confirmed
BK417,Trip.com,China,Leisure,11/17/2026,2510,Confirmed
BK418,TUI,France,Leisure,11/17/2026,1860,Confirmed
BK419,Expedia,UK,Adventure,11/17/2026,1690,Confirmed
BK420,Booking.com,Germany,Leisure,11/18/2026,3190,Confirmed
BK421,Agoda,Japan,Adventure,11/18/2026,3630,Confirmed
BK422,Trip.com,France,Leisure,11/18/2026,1920,Cancelled
BK423,TUI,UK,Adventure,11/19/2026,1500,Confirmed
BK424,Expedia,Germany,Leisure,11/19/2026,2360,Confirmed
BK425,Booking.com,China,Leisure,11/19/2026,2770,Confirmed
BK426,Agoda,Japan,Adventure,11/20/2026,3460,Confirmed
BK427,Trip.com,France,Adventure,11/20/2026,2000,Confirmed
BK428,TUI,Germany,Leisure,11/20/2026,2220,Confirmed
BK429,Expedia,UK,Adventure,11/21/2026,1360,Confirmed
BK430,Booking.com,Japan,Leisure,11/21/2026,3300,Confirmed
BK431,Agoda,China,Leisure,11/21/2026,2610,Confirmed
BK432,Trip.com,Germany,Adventure,11/22/2026,2260,Cancelled
BK433,TUI,France,Leisure,11/22/2026,1890,Confirmed
BK434,Expedia,UK,Adventure,11/22/2026,1560,Confirmed
BK435,Booking.com,China,Leisure,11/23/2026,2790,Confirmed
BK436,Agoda,Japan,Leisure,11/23/2026,3200,Confirmed
BK437,Trip.com,Germany,Adventure,11/23/2026,2120,Confirmed
BK438,TUI,France,Adventure,11/24/2026,2020,Confirmed
BK439,Expedia,UK,Leisure,11/24/2026,1350,Confirmed
BK440,Booking.com,Germany,Leisure,11/24/2026,3030,Confirmed
BK441,Agoda,China,Adventure,11/25/2026,1760,Confirmed
BK442,Trip.com,Japan,Leisure,11/25/2026,3400,Cancelled
BK443,TUI,UK,Leisure,11/25/2026,1520,Confirmed
BK444,Expedia,France,Adventure,11/26/2026,1900,Confirmed
BK445,Booking.com,Germany,Leisure,11/26/2026,3320,Confirmed
BK446,Agoda,UK,Adventure,11/26/2026,1420,Confirmed
BK447,Trip.com,China,Leisure,11/27/2026,2460,Confirmed
BK448,TUI,Japan,Adventure,11/27/2026,3760,Confirmed
BK449,Expedia,France,Leisure,11/27/2026,2200,Confirmed
BK450,Booking.com,UK,Adventure,11/28/2026,1690,Confirmed
BK451,Agoda,Germany,Leisure,11/28/2026,2430,Confirmed
BK452,Trip.com,China,Adventure,11/28/2026,2220,Cancelled
BK453,TUI,UK,Leisure,11/29/2026,1550,Confirmed
BK454,Expedia,Japan,Adventure,11/29/2026,3330,Confirmed
BK455,Booking.com,Germany,Leisure,11/29/2026,3060,Confirmed
BK456,Agoda,France,Leisure,11/30/2026,2020,Confirmed
BK457,Trip.com,UK,Adventure,11/30/2026,1590,Confirmed
BK458,TUI,China,Leisure,11/30/2026,2690,Confirmed
BK459,Expedia,Germany,Adventure,12/1/2026,1880,Confirmed
BK460,Booking.com,Japan,Leisure,12/1/2026,3430,Confirmed
BK461,Agoda,France,Adventure,12/1/2026,2260,Confirmed
BK462,Trip.com,UK,Leisure,12/2/2026,1350,Cancelled
BK463,TUI,Germany,Adventure,12/2/2026,1970,Confirmed
BK464,Expedia,China,Leisure,12/2/2026,3120,Confirmed
BK465,Booking.com,Japan,Adventure,12/3/2026,3600,Confirmed
BK466,Agoda,Germany,Leisure,12/3/2026,2530,Confirmed
BK467,Trip.com,France,Adventure,12/3/2026,2130,Confirmed
BK468,TUI,UK,Leisure,12/4/2026,1620,Confirmed
BK469,Expedia,China,Leisure,12/4/2026,2960,Confirmed
BK470,Booking.com,Japan,Adventure,12/4/2026,3760,Confirmed
BK471,Agoda,France,Leisure,12/5/2026,2190,Confirmed
BK472,Trip.com,UK,Adventure,12/5/2026,1460,Cancelled
BK473,TUI,Germany,Leisure,12/5/2026,2330,Confirmed
BK474,Expedia,Japan,Adventure,12/6/2026,3370,Confirmed
BK475,Booking.com,Germany,Leisure,12/6/2026,3190,Confirmed
BK476,Agoda,UK,Adventure,12/6/2026,1690,Confirmed
BK477,Trip.com,China,Leisure,12/7/2026,2580,Confirmed
BK478,TUI,France,Leisure,12/7/2026,1930,Confirmed
BK479,Expedia,UK,Adventure,12/7/2026,1760,Confirmed
BK480,Booking.com,Germany,Leisure,12/8/2026,3260,Confirmed
BK481,Agoda,Japan,Adventure,12/8/2026,3700,Confirmed
BK482,Trip.com,France,Leisure,12/8/2026,1990,Cancelled
BK483,TUI,UK,Adventure,12/9/2026,1570,Confirmed
BK484,Expedia,Germany,Leisure,12/9/2026,2430,Confirmed
BK485,Booking.com,China,Leisure,12/9/2026,2840,Confirmed
BK486,Agoda,Japan,Adventure,12/10/2026,3530,Confirmed
BK487,Trip.com,France,Adventure,12/10/2026,2070,Confirmed
BK488,TUI,Germany,Leisure,12/10/2026,2290,Confirmed
BK489,Expedia,UK,Adventure,12/11/2026,1430,Confirmed
BK490,Booking.com,Japan,Leisure,12/11/2026,3370,Confirmed
BK491,Agoda,China,Leisure,12/11/2026,2680,Confirmed
BK492,Trip.com,Germany,Adventure,12/12/2026,2330,Cancelled
BK493,TUI,France,Leisure,12/12/2026,1960,Confirmed
BK494,Expedia,UK,Adventure,12/12/2026,1630,Confirmed
BK495,Booking.com,China,Leisure,12/13/2026,2860,Confirmed
BK496,Agoda,Japan,Leisure,12/13/2026,3270,Confirmed
BK497,Trip.com,Germany,Adventure,12/13/2026,2190,Confirmed
BK498,TUI,France,Adventure,12/14/2026,2090,Confirmed
BK499,Expedia,UK,Leisure,12/14/2026,1420,Confirmed
BK500,Booking.com,Germany,Leisure,12/14/2026,3100,Confirmed
BK501,Agoda,China,Adventure,12/15/2026,1830,Confirmed
BK502,Trip.com,Japan,Leisure,12/15/2026,3470,Cancelled
BK503,TUI,UK,Leisure,12/15/2026,1590,Confirmed
BK504,Expedia,France,Adventure,12/16/2026,1970,Confirmed
BK505,Booking.com,Germany,Leisure,12/16/2026,3390,Confirmed
BK506,Agoda,UK,Adventure,12/16/2026,1490,Confirmed
BK507,Trip.com,China,Leisure,12/17/2026,2530,Confirmed
BK508,TUI,Japan,Adventure,12/17/2026,3830,Confirmed
BK509,Expedia,France,Leisure,12/17/2026,2270,Confirmed
BK510,Booking.com,UK,Adventure,12/18/2026,1760,Confirmed
BK511,Agoda,Germany,Leisure,12/18/2026,2500,Confirmed
BK512,Trip.com,China,Adventure,12/18/2026,2290,Cancelled
BK513,TUI,UK,Leisure,12/19/2026,1620,Confirmed
BK514,Expedia,Japan,Adventure,12/19/2026,3400,Confirmed
BK515,Booking.com,Germany,Leisure,12/19/2026,3130,Confirmed
BK516,Agoda,France,Leisure,12/20/2026,2090,Confirmed
BK517,Trip.com,UK,Adventure,12/20/2026,1660,Confirmed
BK518,TUI,China,Leisure,12/20/2026,2760,Confirmed
BK519,Expedia,Germany,Adventure,12/21/2026,1950,Confirmed
BK520,Booking.com,Japan,Leisure,12/21/2026,3500,Confirmed
BK521,Agoda,France,Adventure,12/21/2026,2330,Confirmed
BK522,Trip.com,UK,Leisure,12/22/2026,1420,Cancelled
BK523,TUI,Germany,Adventure,12/22/2026,2040,Confirmed
BK524,Expedia,China,Leisure,12/22/2026,3190,Confirmed
BK525,Booking.com,Japan,Adventure,12/23/2026,3670,Confirmed
BK526,Agoda,Germany,Leisure,12/23/2026,2600,Confirmed
BK527,Trip.com,France,Adventure,12/23/2026,2200,Confirmed
BK528,TUI,UK,Leisure,12/24/2026,1690,Confirmed
BK529,Expedia,China,Leisure,12/24/2026,3030,Confirmed
BK530,Booking.com,Japan,Adventure,12/24/2026,3830,Confirmed
BK531,Agoda,France,Leisure,12/25/2026,2260,Confirmed
BK532,Trip.com,UK,Adventure,12/25/2026,1530,Cancelled
BK533,TUI,Germany,Leisure,12/25/2026,2400,Confirmed
BK534,Expedia,Japan,Adventure,12/26/2026,3440,Confirmed
BK535,Booking.com,Germany,Leisure,12/26/2026,3260,Confirmed
BK536,Agoda,UK,Adventure,12/26/2026,1760,Confirmed
BK537,Trip.com,China,Leisure,12/27/2026,2650,Confirmed
BK538,TUI,France,Leisure,12/27/2026,2000,Confirmed
BK539,Expedia,UK,Adventure,12/27/2026,1830,Confirmed
BK540,Booking.com,Germany,Leisure,12/28/2026,3330,Confirmed
BK541,Agoda,Japan,Adventure,12/28/2026,3770,Confirmed
BK542,Trip.com,France,Leisure,12/28/2026,2060,Cancelled
BK543,TUI,UK,Adventure,12/29/2026,1640,Confirmed
BK544,Expedia,Germany,Leisure,12/29/2026,2500,Confirmed
BK545,Booking.com,China,Leisure,12/29/2026,2910,Confirmed
BK546,Agoda,Japan,Adventure,12/30/2026,3600,Confirmed
BK547,Trip.com,France,Adventure,12/30/2026,2140,Confirmed
BK548,TUI,Germany,Leisure,12/30/2026,2360,Confirmed
BK549,Expedia,UK,Adventure,12/31/2026,1500,Confirmed
BK550,Booking.com,Japan,Leisure,12/31/2026,3440,Confirmed
BK551,Agoda,China,Leisure,12/31/2026,2750,Confirmed
BK552,Trip.com,Germany,Adventure,1/1/2027,2400,Cancelled
BK553,TUI,France,Leisure,1/1/2027,2030,Confirmed
BK554,Expedia,UK,Adventure,1/1/2027,1700,Confirmed
BK555,Booking.com,China,Leisure,1/2/2027,2930,Confirmed
BK556,Agoda,Japan,Leisure,1/2/2027,3340,Confirmed
BK557,Trip.com,Germany,Adventure,1/2/2027,2260,Confirmed
BK558,TUI,France,Adventure,1/3/2027,2160,Confirmed
BK559,Expedia,UK,Leisure,1/3/2027,1490,Confirmed
BK560,Booking.com,Germany,Leisure,1/3/2027,3170,Confirmed
BK561,Agoda,China,Adventure,1/4/2027,1900,Confirmed
BK562,Trip.com,Japan,Leisure,1/4/2027,3540,Cancelled
BK563,TUI,UK,Leisure,1/4/2027,1660,Confirmed
BK564,Expedia,France,Adventure,1/5/2027,2040,Confirmed
BK565,Booking.com,Germany,Leisure,1/5/2027,3460,Confirmed
BK566,Agoda,UK,Adventure,1/5/2027,1560,Confirmed
BK567,Trip.com,China,Leisure,1/6/2027,2600,Confirmed
BK568,TUI,Japan,Adventure,1/6/2027,3900,Confirmed
BK569,Expedia,France,Leisure,1/6/2027,2340,Confirmed
BK570,Booking.com,UK,Adventure,1/7/2027,1830,Confirmed
BK571,Agoda,Germany,Leisure,1/7/2027,2570,Confirmed
BK572,Trip.com,China,Adventure,1/7/2027,2360,Cancelled
BK573,TUI,UK,Leisure,1/8/2027,1690,Confirmed
BK574,Expedia,Japan,Adventure,1/8/2027,3470,Confirmed
BK575,Booking.com,Germany,Leisure,1/8/2027,3200,Confirmed
BK576,Agoda,France,Leisure,1/9/2027,2160,Confirmed
BK577,Trip.com,UK,Adventure,1/9/2027,1730,Confirmed
BK578,TUI,China,Leisure,1/9/2027,2830,Confirmed
BK579,Expedia,Germany,Adventure,1/10/2027,2020,Confirmed
BK580,Booking.com,Japan,Leisure,1/10/2027,3570,Confirmed
BK581,Agoda,France,Adventure,1/10/2027,2400,Confirmed
BK582,Trip.com,UK,Leisure,1/11/2027,1490,Cancelled
BK583,TUI,Germany,Adventure,1/11/2027,2110,Confirmed
BK584,Expedia,China,Leisure,1/11/2027,3260,Confirmed
BK585,Booking.com,Japan,Adventure,1/12/2027,3740,Confirmed
BK586,Agoda,Germany,Leisure,1/12/2027,2670,Confirmed
BK587,Trip.com,France,Adventure,1/12/2027,2270,Confirmed
BK588,TUI,UK,Leisure,1/13/2027,1760,Confirmed
BK589,Expedia,China,Leisure,1/13/2027,3100,Confirmed
BK590,Booking.com,Japan,Adventure,1/13/2027,3900,Confirmed
BK591,Agoda,France,Leisure,1/14/2027,2330,Confirmed
BK592,Trip.com,UK,Adventure,1/14/2027,1600,Cancelled
BK593,TUI,Germany,Leisure,1/14/2027,2470,Confirmed
BK594,Expedia,Japan,Adventure,1/15/2027,3510,Confirmed
BK595,Booking.com,Germany,Leisure,1/15/2027,3330,Confirmed
BK596,Agoda,UK,Adventure,1/15/2027,1830,Confirmed
BK597,Trip.com,China,Leisure,1/16/2027,2720,Confirmed
BK598,TUI,France,Leisure,1/16/2027,2070,Confirmed
BK599,Expedia,UK,Adventure,1/16/2027,1900,Confirmed
BK600,Booking.com,Germany,Leisure,1/17/2027,3400,Confirmed
BK601,Agoda,Japan,Adventure,1/17/2027,3840,Confirmed
BK602,Trip.com,France,Leisure,1/17/2027,2130,Cancelled
BK603,TUI,UK,Adventure,1/18/2027,1710,Confirmed
BK604,Expedia,Germany,Leisure,1/18/2027,2570,Confirmed
BK605,Booking.com,China,Leisure,1/18/2027,2980,Confirmed
BK606,Agoda,Japan,Adventure,1/19/2027,3670,Confirmed
BK607,Trip.com,France,Adventure,1/19/2027,2210,Confirmed
BK608,TUI,Germany,Leisure,1/19/2027,2430,Confirmed
BK609,Expedia,UK,Adventure,1/20/2027,1570,Confirmed
BK610,Booking.com,Japan,Leisure,1/20/2027,3510,Confirmed
BK611,Agoda,China,Leisure,1/20/2027,2820,Confirmed
BK612,Trip.com,Germany,Adventure,1/21/2027,2470,Cancelled
BK613,TUI,France,Leisure,1/21/2027,2100,Confirmed
BK614,Expedia,UK,Adventure,1/21/2027,1770,Confirmed
BK615,Booking.com,China,Leisure,1/22/2027,3000,Confirmed
BK616,Agoda,Japan,Leisure,1/22/2027,3410,Confirmed
BK617,Trip.com,Germany,Adventure,1/22/2027,2330,Confirmed
BK618,TUI,France,Adventure,1/23/2027,2230,Confirmed
BK619,Expedia,UK,Leisure,1/23/2027,1560,Confirmed
BK620,Booking.com,Germany,Leisure,1/23/2027,3240,Confirmed
BK621,Agoda,China,Adventure,1/24/2027,1970,Confirmed
BK622,Trip.com,Japan,Leisure,1/24/2027,3610,Cancelled
BK623,TUI,UK,Leisure,1/24/2027,1730,Confirmed
BK624,Expedia,France,Adventure,1/25/2027,2110,Confirmed
BK625,Booking.com,Germany,Leisure,1/25/2027,3530,Confirmed
BK626,Agoda,UK,Adventure,1/25/2027,1630,Confirmed
BK627,Trip.com,China,Leisure,1/26/2027,2670,Confirmed
BK628,TUI,Japan,Adventure,1/26/2027,3970,Confirmed
BK629,Expedia,France,Leisure,1/26/2027,2410,Confirmed
BK630,Booking.com,UK,Adventure,1/27/2027,1900,Confirmed
BK631,Agoda,Germany,Leisure,1/27/2027,2640,Confirmed
BK632,Trip.com,China,Adventure,1/27/2027,2430,Cancelled
BK633,TUI,UK,Leisure,1/28/2027,1760,Confirmed
BK634,Expedia,Japan,Adventure,1/28/2027,3540,Confirmed
BK635,Booking.com,Germany,Leisure,1/28/2027,3270,Confirmed
BK636,Agoda,France,Leisure,1/29/2027,2230,Confirmed
BK637,Trip.com,UK,Adventure,1/29/2027,1800,Confirmed
BK638,TUI,China,Leisure,1/29/2027,2900,Confirmed
BK639,Expedia,Germany,Adventure,1/30/2027,2090,Confirmed
BK640,Booking.com,Japan,Leisure,1/30/2027,3640,Confirmed
BK641,Agoda,France,Adventure,1/30/2027,2470,Confirmed
BK642,Trip.com,UK,Leisure,1/31/2027,1560,Cancelled
BK643,TUI,Germany,Adventure,1/31/2027,2180,Confirmed
BK644,Expedia,China,Leisure,1/31/2027,3330,Confirmed
BK645,Booking.com,Japan,Adventure,2/1/2027,3810,Confirmed
BK646,Agoda,Germany,Leisure,2/1/2027,2740,Confirmed
BK647,Trip.com,France,Adventure,2/1/2027,2340,Confirmed
BK648,TUI,UK,Leisure,2/2/2027,1830,Confirmed
BK649,Expedia,China,Leisure,2/2/2027,3170,Confirmed
BK650,Booking.com,Japan,Adventure,2/2/2027,3970,Confirmed
BK651,Agoda,France,Leisure,2/3/2027,2400,Confirmed
BK652,Trip.com,UK,Adventure,2/3/2027,1670,Cancelled
BK653,TUI,Germany,Leisure,2/3/2027,2540,Confirmed
BK654,Expedia,Japan,Adventure,2/4/2027,3580,Confirmed
BK655,Booking.com,Germany,Leisure,2/4/2027,3400,Confirmed
BK656,Agoda,UK,Adventure,2/4/2027,1900,Confirmed
BK657,Trip.com,China,Leisure,2/5/2027,2790,Confirmed
BK658,TUI,France,Leisure,2/5/2027,2140,Confirmed
BK659,Expedia,UK,Adventure,2/5/2027,1970,Confirmed
BK660,Booking.com,Germany,Leisure,2/6/2027,3470,Confirmed
BK661,Agoda,Japan,Adventure,2/6/2027,3910,Confirmed
BK662,Trip.com,France,Leisure,2/6/2027,2200,Cancelled
BK663,TUI,UK,Adventure,2/7/2027,1780,Confirmed
BK664,Expedia,Germany,Leisure,2/7/2027,2640,Confirmed
BK665,Booking.com,China,Leisure,2/7/2027,3050,Confirmed
BK666,Agoda,Japan,Adventure,2/8/2027,3740,Confirmed
BK667,Trip.com,France,Adventure,2/8/2027,2280,Confirmed
BK668,TUI,Germany,Leisure,2/8/2027,2500,Confirmed
BK669,Expedia,UK,Adventure,2/9/2027,1640,Confirmed
BK670,Booking.com,Japan,Leisure,2/9/2027,3580,Confirmed
BK671,Agoda,China,Leisure,2/9/2027,2890,Confirmed
BK672,Trip.com,Germany,Adventure,2/10/2027,2540,Cancelled
BK673,TUI,France,Leisure,2/10/2027,2170,Confirmed
BK674,Expedia,UK,Adventure,2/10/2027,1840,Confirmed
BK675,Booking.com,China,Leisure,2/11/2027,3070,Confirmed
BK676,Agoda,Japan,Leisure,2/11/2027,3480,Confirmed
BK677,Trip.com,Germany,Adventure,2/11/2027,2400,Confirmed
BK678,TUI,France,Adventure,2/12/2027,2300,Confirmed
BK679,Expedia,UK,Leisure,2/12/2027,1630,Confirmed
BK680,Booking.com,Germany,Leisure,2/12/2027,3310,Confirmed
BK681,Agoda,China,Adventure,2/13/2027,2040,Confirmed
BK682,Trip.com,Japan,Leisure,2/13/2027,3680,Cancelled
BK683,TUI,UK,Leisure,2/13/2027,1800,Confirmed
BK684,Expedia,France,Adventure,2/14/2027,2180,Confirmed
BK685,Booking.com,Germany,Leisure,2/14/2027,3600,Confirmed
BK686,Agoda,UK,Adventure,2/14/2027,1700,Confirmed
BK687,Trip.com,China,Leisure,2/15/2027,2740,Confirmed
BK688,TUI,Japan,Adventure,2/15/2027,4040,Confirmed
BK689,Expedia,France,Leisure,2/15/2027,2480,Confirmed
BK690,Booking.com,UK,Adventure,2/16/2027,1970,Confirmed
BK691,Agoda,Germany,Leisure,2/16/2027,2710,Confirmed
BK692,Trip.com,China,Adventure,2/16/2027,2500,Cancelled
BK693,TUI,UK,Leisure,2/17/2027,1830,Confirmed
BK694,Expedia,Japan,Adventure,2/17/2027,3610,Confirmed
BK695,Booking.com,Germany,Leisure,2/17/2027,3340,Confirmed
BK696,Agoda,France,Leisure,2/18/2027,2300,Confirmed
BK697,Trip.com,UK,Adventure,2/18/2027,1870,Confirmed
BK698,TUI,China,Leisure,2/18/2027,2970,Confirmed
BK699,Expedia,Germany,Adventure,2/19/2027,2160,Confirmed
BK700,Booking.com,Japan,Leisure,2/19/2027,3710,Confirmed
BK701,Agoda,France,Adventure,2/19/2027,2540,Confirmed
BK702,Trip.com,UK,Leisure,2/20/2027,1630,Cancelled
BK703,TUI,Germany,Adventure,2/20/2027,2250,Confirmed
BK704,Expedia,China,Leisure,2/20/2027,3400,Confirmed
BK705,Booking.com,Japan,Adventure,2/21/2027,3880,Confirmed
BK706,Agoda,Germany,Leisure,2/21/2027,2810,Confirmed
BK707,Trip.com,France,Adventure,2/21/2027,2410,Confirmed
BK708,TUI,UK,Leisure,2/22/2027,1900,Confirmed
BK709,Expedia,China,Leisure,2/22/2027,3240,Confirmed
BK710,Booking.com,Japan,Adventure,2/22/2027,4040,Confirmed
BK711,Agoda,France,Leisure,2/23/2027,2470,Confirmed
BK712,Trip.com,UK,Adventure,2/23/2027,1740,Cancelled
BK713,TUI,Germany,Leisure,2/23/2027,2610,Confirmed
BK714,Expedia,Japan,Adventure,2/24/2027,3650,Confirmed
BK715,Booking.com,Germany,Leisure,2/24/2027,3470,Confirmed
BK716,Agoda,UK,Adventure,2/24/2027,1970,Confirmed
BK717,Trip.com,China,Leisure,2/25/2027,2860,Confirmed
BK718,TUI,France,Leisure,2/25/2027,2210,Confirmed
BK719,Expedia,UK,Adventure,2/25/2027,2040,Confirmed
BK720,Booking.com,Germany,Leisure,2/26/2027,3540,Confirmed
BK721,Agoda,Japan,Adventure,2/26/2027,3980,Confirmed
BK722,Trip.com,France,Leisure,2/26/2027,2270,Cancelled
BK723,TUI,UK,Adventure,2/27/2027,1850,Confirmed
BK724,Expedia,Germany,Leisure,2/27/2027,2710,Confirmed
BK725,Booking.com,China,Leisure,2/27/2027,3120,Confirmed
BK726,Agoda,Japan,Adventure,2/28/2027,3810,Confirmed
BK727,Trip.com,France,Adventure,2/28/2027,2350,Confirmed
BK728,TUI,Germany,Leisure,2/28/2027,2570,Confirmed
BK729,Expedia,UK,Adventure,3/1/2027,1710,Confirmed
BK730,Booking.com,Japan,Leisure,3/1/2027,3650,Confirmed
BK731,Agoda,China,Leisure,3/1/2027,2960,Confirmed
BK732,Trip.com,Germany,Adventure,3/2/2027,2610,Cancelled
BK733,TUI,France,Leisure,3/2/2027,2240,Confirmed
BK734,Expedia,UK,Adventure,3/2/2027,1910,Confirmed
BK735,Booking.com,China,Leisure,3/3/2027,3140,Confirmed
BK736,Agoda,Japan,Leisure,3/3/2027,3550,Confirmed
BK737,Trip.com,Germany,Adventure,3/3/2027,2470,Confirmed
BK738,TUI,France,Adventure,3/4/2027,2370,Confirmed
BK739,Expedia,UK,Leisure,3/4/2027,1700,Confirmed
BK740,Booking.com,Germany,Leisure,3/4/2027,3380,Confirmed
BK741,Agoda,China,Adventure,3/5/2027,2110,Confirmed
BK742,Trip.com,Japan,Leisure,3/5/2027,3750,Cancelled
BK743,TUI,UK,Leisure,3/5/2027,1870,Confirmed
BK744,Expedia,France,Adventure,3/6/2027,2250,Confirmed
BK745,Booking.com,Germany,Leisure,3/6/2027,3670,Confirmed
BK746,Agoda,UK,Adventure,3/6/2027,1770,Confirmed
BK747,Trip.com,China,Leisure,3/7/2027,2810,Confirmed
BK748,TUI,Japan,Adventure,3/7/2027,4110,Confirmed
BK749,Expedia,France,Leisure,3/7/2027,2550,Confirmed
BK750,Booking.com,UK,Adventure,3/8/2027,2040,Confirmed
BK751,Agoda,Germany,Leisure,3/8/2027,2780,Confirmed
BK752,Trip.com,China,Adventure,3/8/2027,2570,Cancelled
BK753,TUI,UK,Leisure,3/9/2027,1900,Confirmed
BK754,Expedia,Japan,Adventure,3/9/2027,3680,Confirmed
BK755,Booking.com,Germany,Leisure,3/9/2027,3410,Confirmed
BK756,Agoda,France,Leisure,3/10/2027,2370,Confirmed
BK757,Trip.com,UK,Adventure,3/10/2027,1940,Confirmed
BK758,TUI,China,Leisure,3/10/2027,3040,Confirmed
BK759,Expedia,Germany,Adventure,3/11/2027,2230,Confirmed
BK760,Booking.com,Japan,Leisure,3/11/2027,3780,Confirmed
BK761,Agoda,France,Adventure,3/11/2027,2610,Confirmed
BK762,Trip.com,UK,Leisure,3/12/2027,1700,Cancelled
BK763,TUI,Germany,Adventure,3/12/2027,2320,Confirmed
BK764,Expedia,China,Leisure,3/12/2027,3470,Confirmed
BK765,Booking.com,Japan,Adventure,3/13/2027,3950,Confirmed
BK766,Agoda,Germany,Leisure,3/13/2027,2880,Confirmed
BK767,Trip.com,France,Adventure,3/13/2027,2480,Confirmed
BK768,TUI,UK,Leisure,3/14/2027,1970,Confirmed
BK769,Expedia,China,Leisure,3/14/2027,3310,Confirmed
BK770,Booking.com,Japan,Adventure,3/14/2027,4110,Confirmed
BK771,Agoda,France,Leisure,3/15/2027,2540,Confirmed
BK772,Trip.com,UK,Adventure,3/15/2027,1810,Cancelled
BK773,TUI,Germany,Leisure,3/15/2027,2680,Confirmed
BK774,Expedia,Japan,Adventure,3/16/2027,3720,Confirmed
BK775,Booking.com,Germany,Leisure,3/16/2027,3540,Confirmed
BK776,Agoda,UK,Adventure,3/16/2027,1900,Confirmed
BK777,Trip.com,China,Leisure,3/17/2027,2930,Confirmed
BK778,TUI,France,Leisure,3/17/2027,2280,Confirmed
BK779,Expedia,UK,Adventure,3/17/2027,2110,Confirmed
BK780,Booking.com,Germany,Leisure,3/18/2027,3610,Confirmed
BK781,Agoda,Japan,Adventure,3/18/2027,4050,Confirmed
BK782,Trip.com,France,Leisure,3/18/2027,2340,Cancelled
BK783,TUI,UK,Adventure,3/19/2027,1920,Confirmed
BK784,Expedia,Germany,Leisure,3/19/2027,2780,Confirmed
BK785,Booking.com,China,Leisure,3/19/2027,3190,Confirmed
BK786,Agoda,Japan,Adventure,3/20/2027,3880,Confirmed
BK787,Trip.com,France,Adventure,3/20/2027,2420,Confirmed
BK788,TUI,Germany,Leisure,3/20/2027,2640,Confirmed
BK789,Expedia,UK,Adventure,3/21/2027,1780,Confirmed
BK790,Booking.com,Japan,Leisure,3/21/2027,3720,Confirmed
BK791,Agoda,China,Leisure,3/21/2027,3030,Confirmed
BK792,Trip.com,Germany,Adventure,3/22/2027,2680,Cancelled
BK793,TUI,France,Leisure,3/22/2027,2310,Confirmed
BK794,Expedia,UK,Adventure,3/22/2027,1980,Confirmed
BK795,Booking.com,China,Leisure,3/23/2027,3210,Confirmed
BK796,Agoda,Japan,Leisure,3/23/2027,3620,Confirmed
BK797,Trip.com,Germany,Adventure,3/23/2027,2540,Confirmed
BK798,TUI,France,Adventure,3/24/2027,2440,Confirmed
BK799,Expedia,UK,Leisure,3/24/2027,1770,Confirmed
BK800,Booking.com,Germany,Leisure,3/24/2027,3450,Confirmed
BK801,Agoda,China,Adventure,3/25/2027,2180,Confirmed
BK802,Trip.com,Japan,Leisure,3/25/2027,3820,Cancelled
BK803,TUI,UK,Leisure,3/25/2027,1940,Confirmed
BK804,Expedia,France,Adventure,3/26/2027,2320,Confirmed
BK805,Booking.com,Germany,Leisure,3/26/2027,3740,Confirmed
BK806,Agoda,UK,Adventure,3/26/2027,1840,Confirmed
BK807,Trip.com,China,Leisure,3/27/2027,2880,Confirmed
BK808,TUI,Japan,Adventure,3/27/2027,4180,Confirmed
BK809,Expedia,France,Leisure,3/27/2027,2620,Confirmed
BK810,Booking.com,UK,Adventure,3/28/2027,2110,Confirmed
BK811,Agoda,Germany,Leisure,3/28/2027,2850,Confirmed
BK812,Trip.com,China,Adventure,3/28/2027,2640,Cancelled
BK813,TUI,UK,Leisure,3/29/2027,1970,Confirmed
BK814,Expedia,Japan,Adventure,3/29/2027,3750,Confirmed
BK815,Booking.com,Germany,Leisure,3/29/2027,3480,Confirmed
BK816,Agoda,France,Leisure,3/30/2027,2440,Confirmed
BK817,Trip.com,UK,Adventure,3/30/2027,2010,Confirmed
BK818,TUI,China,Leisure,3/30/2027,3110,Confirmed
BK819,Expedia,Germany,Adventure,3/31/2027,2300,Confirmed
BK820,Booking.com,Japan,Leisure,3/31/2027,3850,Confirmed
BK821,Agoda,France,Adventure,3/31/2027,2680,Confirmed
BK822,Trip.com,UK,Leisure,4/1/2027,1770,Cancelled
BK823,TUI,Germany,Adventure,4/1/2027,2390,Confirmed
BK824,Expedia,China,Leisure,4/1/2027,3540,Confirmed
BK825,Booking.com,Japan,Adventure,4/2/2027,4020,Confirmed
BK826,Agoda,Germany,Leisure,4/2/2027,2950,Confirmed
BK827,Trip.com,France,Adventure,4/2/2027,2550,Confirmed
BK828,TUI,UK,Leisure,4/3/2027,2040,Confirmed
BK829,Expedia,China,Leisure,4/3/2027,3380,Confirmed
BK830,Booking.com,Japan,Adventure,4/3/2027,4180,Confirmed
BK831,Agoda,France,Leisure,4/4/2027,2610,Confirmed
BK832,Trip.com,UK,Adventure,4/4/2027,1880,Cancelled
BK833,TUI,Germany,Leisure,4/4/2027,2750,Confirmed
BK834,Expedia,Japan,Adventure,4/5/2027,3790,Confirmed
BK835,Booking.com,Germany,Leisure,4/5/2027,3610,Confirmed
BK836,Agoda,UK,Adventure,4/5/2027,1970,Confirmed
BK837,Trip.com,China,Leisure,4/6/2027,3000,Confirmed
BK838,TUI,France,Leisure,4/6/2027,2350,Confirmed
BK839,Expedia,UK,Adventure,4/6/2027,2180,Confirmed
BK840,Booking.com,Germany,Leisure,4/7/2027,3680,Confirmed
BK841,Agoda,Japan,Adventure,4/7/2027,4120,Confirmed
BK842,Trip.com,France,Leisure,4/7/2027,2410,Cancelled
BK843,TUI,UK,Adventure,4/8/2027,1990,Confirmed
BK844,Expedia,Germany,Leisure,4/8/2027,2850,Confirmed
BK845,Booking.com,China,Leisure,4/8/2027,3260,Confirmed
BK846,Agoda,Japan,Adventure,4/9/2027,3950,Confirmed
BK847,Trip.com,France,Adventure,4/9/2027,2490,Confirmed
BK848,TUI,Germany,Leisure,4/9/2027,2710,Confirmed
BK849,Expedia,UK,Adventure,4/10/2027,1850,Confirmed
BK850,Booking.com,Japan,Leisure,4/10/2027,3790,Confirmed
BK851,Agoda,China,Leisure,4/10/2027,3100,Confirmed
BK852,Trip.com,Germany,Adventure,4/11/2027,2750,Cancelled
BK853,TUI,France,Leisure,4/11/2027,2380,Confirmed
BK854,Expedia,UK,Adventure,4/11/2027,2050,Confirmed
BK855,Booking.com,China,Leisure,4/12/2027,3280,Confirmed
BK856,Agoda,Japan,Leisure,4/12/2027,3690,Confirmed
BK857,Trip.com,Germany,Adventure,4/12/2027,2610,Confirmed
BK858,TUI,France,Adventure,4/13/2027,2510,Confirmed
BK859,Expedia,UK,Leisure,4/13/2027,1840,Confirmed
BK860,Booking.com,Germany,Leisure,4/13/2027,3520,Confirmed
BK861,Agoda,China,Adventure,4/14/2027,2250,Confirmed
BK862,Trip.com,Japan,Leisure,4/14/2027,3890,Cancelled
BK863,TUI,UK,Leisure,4/14/2027,2010,Confirmed
BK864,Expedia,France,Adventure,4/15/2027,2390,Confirmed
BK865,Booking.com,Germany,Leisure,4/15/2027,3810,Confirmed
BK866,Agoda,UK,Adventure,4/15/2027,1910,Confirmed
BK867,Trip.com,China,Leisure,4/16/2027,2950,Confirmed
BK868,TUI,Japan,Adventure,4/16/2027,4250,Confirmed
BK869,Expedia,France,Leisure,4/16/2027,2690,Confirmed
BK870,Booking.com,UK,Adventure,4/17/2027,2180,Confirmed
BK871,Agoda,Germany,Leisure,4/17/2027,2920,Confirmed
BK872,Trip.com,China,Adventure,4/17/2027,2710,Cancelled
BK873,TUI,UK,Leisure,4/18/2027,2040,Confirmed
BK874,Expedia,Japan,Adventure,4/18/2027,3820,Confirmed
BK875,Booking.com,Germany,Leisure,4/18/2027,3550,Confirmed
BK876,Agoda,France,Leisure,4/19/2027,2510,Confirmed
BK877,Trip.com,UK,Adventure,4/19/2027,2080,Confirmed
BK878,TUI,China,Leisure,4/19/2027,3180,Confirmed
BK879,Expedia,Germany,Adventure,4/20/2027,2300,Confirmed
BK880,Booking.com,Japan,Leisure,4/20/2027,3920,Confirmed
BK881,Agoda,France,Adventure,4/20/2027,2750,Confirmed
BK882,Trip.com,UK,Leisure,4/21/2027,1840,Cancelled
BK883,TUI,Germany,Adventure,4/21/2027,2460,Confirmed
BK884,Expedia,China,Leisure,4/21/2027,3610,Confirmed
BK885,Booking.com,Japan,Adventure,4/22/2027,4090,Confirmed
BK886,Agoda,Germany,Leisure,4/22/2027,3020,Confirmed
BK887,Trip.com,France,Adventure,4/22/2027,2620,Confirmed
BK888,TUI,UK,Leisure,4/23/2027,2110,Confirmed
BK889,Expedia,China,Leisure,4/23/2027,3450,Confirmed
BK890,Booking.com,Japan,Adventure,4/23/2027,4250,Confirmed
BK891,Agoda,France,Leisure,4/24/2027,2680,Confirmed
BK892,Trip.com,UK,Adventure,4/24/2027,1950,Cancelled
BK893,TUI,Germany,Leisure,4/24/2027,2820,Confirmed
BK894,Expedia,Japan,Adventure,4/25/2027,3860,Confirmed
BK895,Booking.com,Germany,Leisure,4/25/2027,3680,Confirmed
BK896,Agoda,UK,Adventure,4/25/2027,2040,Confirmed
BK897,Trip.com,China,Leisure,4/26/2027,3070,Confirmed
BK898,TUI,France,Leisure,4/26/2027,2420,Confirmed
BK899,Expedia,UK,Adventure,4/26/2027,2250,Confirmed
BK900,Booking.com,Germany,Leisure,4/27/2027,3750,Confirmed
BK901,Agoda,Japan,Adventure,4/27/2027,4190,Confirmed
BK902,Trip.com,France,Leisure,4/27/2027,2480,Cancelled
BK903,TUI,UK,Adventure,4/28/2027,2060,Confirmed
BK904,Expedia,Germany,Leisure,4/28/2027,2920,Confirmed
BK905,Booking.com,China,Leisure,4/28/2027,3330,Confirmed
BK906,Agoda,Japan,Adventure,4/29/2027,4020,Confirmed
BK907,Trip.com,France,Adventure,4/29/2027,2560,Confirmed
BK908,TUI,Germany,Leisure,4/29/2027,2780,Confirmed
BK909,Expedia,UK,Adventure,4/30/2027,1920,Confirmed
BK910,Booking.com,Japan,Leisure,4/30/2027,3860,Confirmed
BK911,Agoda,China,Leisure,4/30/2027,3170,Confirmed
BK912,Trip.com,Germany,Adventure,5/1/2027,2820,Cancelled
BK913,TUI,France,Leisure,5/1/2027,2450,Confirmed
BK914,Expedia,UK,Adventure,5/1/2027,2120,Confirmed
BK915,Booking.com,China,Leisure,5/2/2027,3350,Confirmed
BK916,Agoda,Japan,Leisure,5/2/2027,3760,Confirmed
BK917,Trip.com,Germany,Adventure,5/2/2027,2680,Confirmed
BK918,TUI,France,Adventure,5/3/2027,2580,Confirmed
BK919,Expedia,UK,Leisure,5/3/2027,1910,Confirmed
BK920,Booking.com,Germany,Leisure,5/3/2027,3590,Confirmed
BK921,Agoda,China,Adventure,5/4/2027,2320,Confirmed
BK922,Trip.com,Japan,Leisure,5/4/2027,3960,Cancelled
BK923,TUI,UK,Leisure,5/4/2027,2080,Confirmed
BK924,Expedia,France,Adventure,5/5/2027,2460,Confirmed
BK925,Booking.com,Germany,Leisure,5/5/2027,3880,Confirmed
BK926,Agoda,UK,Adventure,5/5/2027,1980,Confirmed
BK927,Trip.com,China,Leisure,5/6/2027,3020,Confirmed
BK928,TUI,Japan,Adventure,5/6/2027,4320,Confirmed
BK929,Expedia,France,Leisure,5/6/2027,2760,Confirmed
BK930,Booking.com,UK,Adventure,5/7/2027,2250,Confirmed
BK931,Agoda,Germany,Leisure,5/7/2027,2990,Confirmed
BK932,Trip.com,China,Adventure,5/7/2027,2780,Cancelled
BK933,TUI,UK,Leisure,5/8/2027,2110,Confirmed
BK934,Expedia,Japan,Adventure,5/8/2027,3890,Confirmed
BK935,Booking.com,Germany,Leisure,5/8/2027,3620,Confirmed
BK936,Agoda,France,Leisure,5/9/2027,2580,Confirmed
BK937,Trip.com,UK,Adventure,5/9/2027,2150,Confirmed
BK938,TUI,China,Leisure,5/9/2027,3250,Confirmed
BK939,Expedia,Germany,Adventure,5/10/2027,2370,Confirmed
BK940,Booking.com,Japan,Leisure,5/10/2027,3990,Confirmed
BK941,Agoda,France,Adventure,5/10/2027,2820,Confirmed
BK942,Trip.com,UK,Leisure,5/11/2027,1910,Cancelled
BK943,TUI,Germany,Adventure,5/11/2027,2530,Confirmed
BK944,Expedia,China,Leisure,5/11/2027,3680,Confirmed
BK945,Booking.com,Japan,Adventure,5/12/2027,4160,Confirmed
BK946,Agoda,Germany,Leisure,5/12/2027,3090,Confirmed
BK947,Trip.com,France,Adventure,5/12/2027,2690,Confirmed
BK948,TUI,UK,Leisure,5/13/2027,2180,Confirmed
BK949,Expedia,China,Leisure,5/13/2027,3520,Confirmed
BK950,Booking.com,Japan,Adventure,5/13/2027,4320,Confirmed
BK951,Agoda,France,Leisure,5/14/2027,2750,Confirmed
BK952,Trip.com,UK,Adventure,5/14/2027,2020,Cancelled
BK953,TUI,Germany,Leisure,5/14/2027,2890,Confirmed
BK954,Expedia,Japan,Adventure,5/15/2027,3930,Confirmed
BK955,Booking.com,Germany,Leisure,5/15/2027,3750,Confirmed
BK956,Agoda,UK,Adventure,5/15/2027,2110,Confirmed
BK957,Trip.com,China,Leisure,5/16/2027,3140,Confirmed
BK958,TUI,France,Leisure,5/16/2027,2490,Confirmed
BK959,Expedia,UK,Adventure,5/16/2027,2320,Confirmed
BK960,Booking.com,Germany,Leisure,5/17/2027,3820,Confirmed
BK961,Agoda,Japan,Adventure,5/17/2027,4260,Confirmed
BK962,Trip.com,France,Leisure,5/17/2027,2550,Cancelled
BK963,TUI,UK,Adventure,5/18/2027,2130,Confirmed
BK964,Expedia,Germany,Leisure,5/18/2027,2990,Confirmed
BK965,Booking.com,China,Leisure,5/18/2027,3400,Confirmed
BK966,Agoda,Japan,Adventure,5/19/2027,4090,Confirmed
BK967,Trip.com,France,Adventure,5/19/2027,2630,Confirmed
BK968,TUI,Germany,Leisure,5/19/2027,2850,Confirmed
BK969,Expedia,UK,Adventure,5/20/2027,1990,Confirmed
BK970,Booking.com,Japan,Leisure,5/20/2027,3930,Confirmed
BK971,Agoda,China,Leisure,5/20/2027,3240,Confirmed
BK972,Trip.com,Germany,Adventure,5/21/2027,2890,Cancelled
BK973,TUI,France,Leisure,5/21/2027,2520,Confirmed
BK974,Expedia,UK,Adventure,5/21/2027,2190,Confirmed
BK975,Booking.com,China,Leisure,5/22/2027,3420,Confirmed
BK976,Agoda,Japan,Leisure,5/22/2027,3830,Confirmed
BK977,Trip.com,Germany,Adventure,5/22/2027,2750,Confirmed
BK978,TUI,France,Adventure,5/23/2027,2650,Confirmed
BK979,Expedia,UK,Leisure,5/23/2027,1980,Confirmed
BK980,Booking.com,Germany,Leisure,5/23/2027,3660,Confirmed
BK981,Agoda,China,Adventure,5/24/2027,2390,Confirmed
BK982,Trip.com,Japan,Leisure,5/24/2027,4030,Cancelled
BK983,TUI,UK,Leisure,5/24/2027,2150,Confirmed
BK984,Expedia,France,Adventure,5/25/2027,2530,Confirmed
BK985,Booking.com,Germany,Leisure,5/25/2027,3950,Confirmed
BK986,Agoda,UK,Adventure,5/25/2027,2050,Confirmed
BK987,Trip.com,China,Leisure,5/26/2027,3090,Confirmed
BK988,TUI,Japan,Adventure,5/26/2027,4390,Confirmed
BK989,Expedia,France,Leisure,5/26/2027,2830,Confirmed
BK990,Booking.com,UK,Adventure,5/27/2027,2320,Confirmed
BK991,Agoda,Germany,Leisure,5/27/2027,3060,Confirmed
BK992,Trip.com,China,Adventure,5/27/2027,2850,Cancelled
BK993,TUI,UK,Leisure,5/28/2027,2180,Confirmed
BK994,Expedia,Japan,Adventure,5/28/2027,3960,Confirmed
BK995,Booking.com,Germany,Leisure,5/28/2027,3690,Confirmed
BK996,Agoda,France,Leisure,5/29/2027,2650,Confirmed
BK997,Trip.com,UK,Adventure,5/29/2027,2220,Confirmed
BK998,TUI,China,Leisure,5/29/2027,3320,Confirmed
BK999,Expedia,Germany,Adventure,5/30/2027,2440,Confirmed
BK1000,Booking.com,Japan,Leisure,5/30/2027,4030,Confirmed
